Activity,N2_Q_AB_nCi_2_NS0_T_KA_r_MAS,N2_Q_AB_nCi_2_NS0_T_KA_e_MAS,N2_Q_AB_nCi_2_NS0_T_KA_v_MAS,N2_Q_AB_nCi_2_NS0_T_KA_p_MAS,N2_Q_AB_nCi_2_NS1_T_KA_e_MAS
6.11,41.27225385002131,37.044318054055196,1658.257428393499,141.9459083283279,81.6629044972073
9.0,40.78241768806961,38.97757185792876,1680.0099135679407,219.34753195824067,96.21066939908484
7.64,68.55106704106494,30.50179756424201,1659.481440489254,166.138285959921,70.22186092307722
7.31,68.78631715239385,31.187211496060364,1734.329026261897,186.69716321886003,73.7529301722989
7.3,82.48599460838025,38.65308479500698,2205.148568188162,253.6120181711015,97.47564371934149
8.54,57.83697609947871,46.09113543459306,2373.618827141232,226.51769140984507,110.7727983396646
8.52,55.44342537164712,40.91885145834374,2243.200078757755,234.21577043824735,99.93325394732224
8.92,54.79148528119404,40.3988848660455,2185.847220949476,219.5856103535891,99.08342555392399
8.92,57.10094172855711,42.945600330301595,2366.2645082389454,244.12837372871044,102.69331556873601
8.96,64.38708500597212,42.44054574837605,2407.0733585326284,272.9845261583744,109.23209478903168
8.55,55.508668765596745,42.09636548895879,2189.8304455223374,224.18376411110168,101.5561951212234
9.22,81.96024117338209,41.456725215940544,2321.238151202674,302.7899415177045,102.5644933517443
8.0,69.71204251201577,44.79418593790941,2561.2683379364935,247.9118616511923,115.44696345655872
8.11,71.1238473795553,46.40569686676412,2575.4050380047615,301.21482180546195,119.2383817359159
7.92,71.30593087055681,43.425395057730924,2510.3862637789525,268.7571019480117,114.85176787276721
8.15,59.931643194833335,39.62962857673537,2182.781837946296,187.56046123515668,96.78279668215833
5.55,66.69901347796775,27.590390168498885,1318.2581580643791,96.99224083297173,60.0652486467841
6.07,67.02635098434203,28.34628963197829,1411.319627621447,110.30204965320146,62.27181449098781
6.37,79.89135147578962,32.514722410009895,1875.08245454621,177.94569187204294,81.14098397234284
6.7,68.05736267898266,29.80062328878374,1581.0945991059612,148.20648542226868,68.39162751389968
2.7,26.980444358077946,32.237751982109415,1292.47117710901,84.05630868818044,70.88264314343814
2.87,27.779807506558143,32.88700593106645,1387.2635883867922,98.02277348716156,72.76189857336048
4.96,68.55106704106494,30.50179756424201,1659.481440489254,166.138285959921,70.22186092307722
2.74,68.05736267898266,29.80062328878374,1581.0945991059612,148.20648542226868,68.39162751389968
2.96,30.183247677702344,34.1485017476609,1559.6593550119526,121.36000803108925,75.61163234912998
2.98,31.351156246550524,34.76208678805114,1639.071634701348,130.66199752293383,76.72189369078424
3.26,51.59277099995083,36.54107547144719,1857.0437215373527,169.16327509368492,89.44481138668691
3.35,26.995201522263994,29.780768152450328,1396.017814949286,121.04081199349312,67.50674099673306
3.38,30.196439655062452,31.83931014485081,1646.4875643850244,153.37281275576655,72.45640018314461
3.89,31.363856992785948,32.49652561044026,1721.9000608864555,161.28230624319806,73.61426459932883
3.22,49.795223978181035,32.49652561044026,1721.9000608864558,157.82616760210936,80.39654623178782
3.72,50.232834464912486,33.1407103575044,1794.1455737166452,166.5949013168648,82.05820757852317
4.28,51.60085652052105,34.39290181854389,1930.5427681612057,181.73092041830697,84.59535739920955
4.77,69.14547188958034,31.187211496060364,1734.329026261897,160.99562615912632,71.99896889886686
2.96,66.31741695436637,24.043104549537688,1383.8965622132057,82.667864670593,48.50487445092503
3.19,68.05736267898264,29.80062328878374,1581.0945991059612,145.66501969171293,68.39162751389968
3.48,30.18262072192864,34.1485017476609,1559.6593550119526,136.64135706597216,78.06362608795469
5.31,32.40835276461758,35.3650276984198,1714.8102937901906,155.98150446186267,80.72641934645682
5.62,31.565339535686544,35.96956836577275,1657.0395026318927,156.55558951435958,81.68457632564423
4.32,39.3035377406941,35.87303067110444,1640.3029016685364,127.57707194979496,78.90166025325449
7.92,60.70045236520145,49.76626913804169,2544.1649500341123,251.57078758149916,118.80551528864306
6.41,58.53318913549234,47.58599431145682,2377.287454929111,232.2242560961422,115.69943223715491
9.6,84.50674547872296,51.838710604238614,2862.1112562976696,331.91902746739646,136.6085242215873
8.46,62.674004540602176,51.43745297854474,2736.5762136302865,290.12683048946565,123.4112854361383
7.82,61.7162300106627,50.1808917030178,2678.7323052893557,296.38314798760183,123.69959322487685
7.92,42.539430620492325,45.0275842234513,2328.485043831946,246.03757209230736,102.28054132385104
7.0,58.6624989656838,45.48542282083349,2474.8078854262217,270.35673587055237,111.53025459712714
6.66,58.6624989656838,45.48542282083349,2474.8078854262217,270.35673587055237,111.53025459712714
7.44,62.91428004223864,43.840096730504605,2460.093180939183,205.24682836943217,102.9417041952386
9.31,66.0991416479872,46.64385403072951,2752.4842558933856,252.14665399725098,109.70232301606016
9.88,76.44527825584176,46.64385403072951,2752.4842558933856,266.29450462350235,115.70496910297327
9.05,76.91389422747474,47.09492143628654,2798.2473262646413,261.669333436164,116.43354284792677
9.28,98.36270887971772,47.11641730649733,2816.446260840241,317.2605203329924,116.48067960447348
9.28,87.7352154449711,44.81678534377495,2581.1386906111275,255.93031831326337,105.01339771010174
8.72,87.7352154449711,44.81678534377495,2581.1386906111275,255.93031831326337,105.01339771010174
8.59,107.04196884254202,45.77263828708152,2696.7564631304745,349.5903096988002,107.44858964462959
9.06,62.732360139299495,45.409119902283955,2463.6330420148774,211.43612675873882,104.78096272997306
7.8,62.732360139299495,45.409119902283955,2463.6330420148774,211.43612675873882,104.78096272997306
9.2,106.95324243260687,45.77263828708152,2696.7564631304745,361.2324254475325,108.63187478415348
8.97,76.39075256128845,45.26368964291357,2610.3857988661784,239.9183590926497,111.68560554126928
9.53,64.6050021755245,45.26368964291357,2610.3857988661784,223.3181615842301,105.37734356881465
9.53,76.04844587442685,45.72837309964133,2658.5959713594066,273.5162612784566,114.74512770754147
2.46,68.9631451691091,34.79120337915893,1669.9512762162585,173.29964574997507,77.84834688996291
4.11,68.9631451691091,34.79120337915893,1669.9512762162585,173.29964574997507,77.84834688996291
4.72,91.07509722600032,28.381988841693246,1447.0675632337625,145.94462225769115,62.29586849864122
5.1,91.31509547751399,29.117345292110677,1532.326026852494,162.96304945173685,64.30758238341727
3.27,91.31509547751399,29.117345292110677,1532.326026852494,162.96304945173685,64.30758238341727
2.14,91.67803911061961,29.83458233510233,1613.0844902161202,184.11928964110535,66.89334858190311
4.17,91.46879190383741,29.117345292110677,1532.326026852494,147.19932243940082,63.638865931127334
3.64,73.57516001589406,33.183941835924195,1694.7940377899286,163.5118227335777,80.62640309476791
6.12,82.66197112538774,34.42233069113711,1956.828255354386,227.72181769614593,90.13886067618115
7.19,82.92632150093552,35.03111982880364,2020.691797617722,239.70645776185023,91.54072385556057
6.44,82.92632150093552,35.03111982880364,2020.691797617722,239.70645776185023,91.54072385556057
5.34,83.09553554768473,35.03111982880364,2020.691797617722,228.2057074362125,91.07219240251108
7.46,83.50037248783107,35.62950831417688,2082.5978634786384,239.77798627399474,92.45452539762452
4.48,83.50037248783107,35.62950831417688,2082.5978634786384,239.77798627399474,92.45452539762452
